"source","anon_id","views3","pv_op","cv","compare_cv","internal1","internal2","confound","design_ex","interpret"
"3_A_Mar23_anon.csv","649892",2,4.5,0,10,13,9,7.5,5,1.25
"3_A_Mar23_anon.csv","515838",1,3,2.25,4,5.5,11,7.5,2.5,2.5
"3_A_Mar23_anon.csv","884161",9,4.75,0,10,0,11.5,3,5,3.25
"3_A_Mar23_anon.csv","425200",5,4.75,5.25,10,15,15,15,5,5
"3_A_Mar23_anon.csv","738332",2,3.75,0,10,15,9.5,7.5,2.5,1.25
"3_A_Mar23_anon.csv","141625",0,4.5,2.75,10,15,14.5,7.5,5,3.75
"3_A_Mar23_anon.csv","682407",6,4.5,9.5,10,15,15,15,5,3.75
"3_A_Mar23_anon.csv","113553",0,2,0,10,7.5,8.5,0,5,1.25
"3_A_Mar23_anon.csv","755204",5,4.5,10,10,15,15,8.5,5,5
"3_A_Mar23_anon.csv","980587",3,4.75,6.5,10,15,15,15,5,5
"3_A_Mar23_anon.csv","868195",3,5,9.5,10,15,15,15,5,3.25
"3_A_Mar23_anon.csv","752695",2,2.75,0,10,0,10.5,3,5,2.5
"3_A_Mar23_anon.csv","316719",3,5,9,10,15,12,15,5,4.5
"3_A_Mar23_anon.csv","100168",4,5,0,10,15,15,12.5,5,2.5
"3_A_Mar23_anon.csv","785013",5,5,0,10,11.5,15,14.5,5,0
"3_A_Mar23_anon.csv","589905",1,4.75,3.5,10,12,15,14.5,5,5
"3_A_Mar23_anon.csv","568721",1,4,3.25,10,15,15,7.5,5,3.25
"3_A_Mar23_anon.csv","820889",4,3.25,3.5,10,10.5,15,7.5,5,2.5
"3_A_Mar23_anon.csv","829820",1,4,6.75,10,15,15,15,5,3.75
"3_A_Mar23_anon.csv","903345",3,3.25,0,10,9,11,0,5,2.5
"3_A_Mar23_anon.csv","766084",3,4.75,6.25,10,0,9.5,15,5,2.5
"3_A_Mar23_anon.csv","825875",4,5,7,10,15,15,7.5,5,3.25
"3_A_Mar23_anon.csv","706979",2,3.5,8.25,10,15,15,15,5,3.25
"3_A_Mar23_anon.csv","221958",0,4.75,0,9,15,15,7.5,5,3.25
"3_A_Mar23_anon.csv","681486",2,4.75,5.5,10,15,12,15,0,2.5
"3_A_Mar23_anon.csv","392584",1,5,2.5,10,15,15,15,5,2.5
"3_A_Mar23_anon.csv","957384",0,4.5,5.25,10,15,15,15,5,2.5
"3_A_Mar23_anon.csv","711460",1,4.25,0.75,10,15,9,8.5,5,2.5
"3_A_Mar23_anon.csv","850664",4,2,0,10,15,9,4,5,3.25
"3_A_Mar23_anon.csv","992103",4,5,6.5,10,15,15,15,5,2.5
"3_A_Mar23_anon.csv","861958",3,4.5,3.25,10,15,15,15,5,2.5
"3_A_Mar23_anon.csv","375253",4,4.25,0,10,11.5,15,15,5,3.25
"3_A_Mar23_anon.csv","324135",1,4.5,0,10,15,11,7.5,5,2.5
"3_A_Mar23_anon.csv","193857",5,4.5,4.75,10,15,10.5,15,5,5
"3_A_Mar23_anon.csv","859374",9,5,6,10,15,15,14,5,5
"3_A_Mar23_anon.csv","293634",1,0,0,6,15,15,15,5,3.25
"3_A_Mar23_anon.csv","210273",2,4.75,0,10,15,15,7.5,5,3.75
"3_A_Mar23_anon.csv","711072",9,2.75,0,10,15,15,8.5,2.5,2.5
"3_A_Mar23_anon.csv","805091",4,2.5,2.75,10,8,10.5,7.5,5,3.75
"3_A_Mar23_anon.csv","878864",3,3.5,0,10,15,10.5,8.5,2.5,3.75
"3_A_Mar23_anon.csv","927645",3,5,1.75,10,15,15,15,5,3.75
"3_A_Mar23_anon.csv","265323",0,4.5,0,7.5,15,15,7.5,2.5,2.5
"3_A_Mar23_anon.csv","266782",3,5,0,10,15,10.5,15,5,2.5
"3_A_Mar23_anon.csv","620808",3,4.5,0,10,15,11,8.5,5,3.75
"3_A_Mar23_anon.csv","231177",2,4.25,8.75,10,15,15,15,5,3.75
"3_A_Mar23_anon.csv","229553",1,4.5,0,10,15,14,15,5,2.5
"3_A_Mar23_anon.csv","480961",1,4.25,4.5,10,0,9.5,7.5,5,2.5
"3_A_Mar23_anon.csv","689023",4,5,8,10,15,15,15,5,5
"3_A_Mar23_anon.csv","437305",4,5,10,10,15,15,15,5,2.5
"3_A_Mar23_anon.csv","484728",2,3,0,10,10.5,9.5,15,5,2.5
"3_A_Mar23_anon.csv","100915",2,4,4.75,10,15,15,7.5,5,2.5
"3_A_Mar23_anon.csv","745036",0,2,0,9,15,12.5,9,2.5,1.25
"3_A_Mar23_anon.csv","306957",6,5,5.5,10,15,15,15,5,3.75
"3_A_Mar23_anon.csv","128513",1,2.25,0,10,11,0,0,0,1.25
"3_A_Mar23_anon.csv","685171",0,3.5,2.25,10,13.5,15,7.5,5,0
"3_A_Mar23_anon.csv","611968",1,4.5,0,10,15,15,15,5,2.5
"3_A_Mar23_anon.csv","483406",0,3.25,0,10,9.5,14.5,4.5,5,2.5
"3_A_Mar23_anon.csv","441521",10,5,0,10,15,15,7.5,5,3.25
"3_A_Mar23_anon.csv","319559",1,3.5,0,6,13.5,15,0,0,0
"3_A_Mar23_anon.csv","326394",2,3.25,0,10,11,15,7.5,5,2.5
"3_A_Mar23_anon.csv","329867",3,3.75,5.5,10,15,12,15,5,2.5
"3_A_Mar23_anon.csv","277425",5,3,0,5.5,14,15,8.5,5,1.25
"3_A_Mar23_anon.csv","879263",2,2.5,0,10,15,15,15,5,3.75
"3_A_Mar23_anon.csv","342170",2,4,0,10,15,15,7.5,5,2.5
"3_A_Mar23_anon.csv","179184",2,4.5,0,6,15,15,15,5,1.25
"3_A_Mar23_anon.csv","637438",8,4.5,4.5,10,15,15,15,5,5
"3_A_Mar23_anon.csv","781336",12,4.5,8.75,10,15,15,15,5,5
"3_A_Mar23_anon.csv","819274",6,5,9,10,15,9.5,8.5,5,5
"3_A_Mar23_anon.csv","158549",0,0.5,0,10,15,11,15,5,2.5
"3_A_Mar23_anon.csv","822752",5,2.75,0,10,15,15,15,5,3.75
"3_A_Mar23_anon.csv","142556",2,3.25,0,10,13,10.5,7.5,5,2.5
"3_A_Mar23_anon.csv","583798",2,2.5,0,10,15,15,15,5,2.5
"3_A_Mar23_anon.csv","975639",0,3.5,0,10,15,12,8.5,5,2.5
"3_A_Mar23_anon.csv","244223",5,4.25,0,10,15,15,8.5,5,5
"3_A_Mar23_anon.csv","411472",5,3.25,0,10,15,9.5,7.5,5,2.5
"3_A_Mar23_anon.csv","742806",0,5,0,10,15,15,15,5,3.25
"3_A_Mar23_anon.csv","617396",1,4.25,7.5,10,15,14,8.5,5,3.75
"3_A_Mar23_anon.csv","189428",5,3.5,10,8,15,9.5,15,5,3.75
"3_A_Mar23_anon.csv","737475",7,4.75,4.5,10,15,15,15,5,1.25
"3_A_Mar23_anon.csv","687838",1,4.75,7.75,10,15,15,5.5,5,3.75
"3_A_Mar23_anon.csv","340708",0,3,0,5.5,8,13,0,5,2.5
"3_A_Mar23_anon.csv","427397",2,4.5,0,10,15,15,15,5,2.5
"3_A_Mar23_anon.csv","957708",1,4.5,5.25,10,15,15,15,5,2.5
"3_A_Mar23_anon.csv","937053",3,3.25,3,10,15,15,15,5,3.75
"3_A_Mar23_anon.csv","690064",6,1.75,0,4,15,6.5,4,5,2.5
"3_A_Mar23_anon.csv","162187",2,3.5,6.5,10,15,15,8,5,3.25
"3_A_Mar23_anon.csv","460606",6,4.5,0,10,12,9.5,15,5,2.5
"3_A_Mar23_anon.csv","444720",2,3.25,10,10,15,15,15,5,3.25
"3_A_Mar23_anon.csv","962814",1,0,0,4.5,10.5,0,0,5,2
"3_A_Mar23_anon.csv","309943",3,4.5,7.25,10,15,15,15,5,3.75
"3_A_Mar23_anon.csv","388918",5,5,3.5,10,15,15,8.5,5,3.75
"3_A_Mar23_anon.csv","820879",3,2.75,0,10,10.5,13.5,7.5,5,2.5
"3_A_Mar23_anon.csv","819157",4,2.75,5.25,10,15,10.5,8.5,5,3.75
"3_A_Mar23_anon.csv","439234",2,4.5,0,10,15,15,7,5,3.25
"3_A_Mar23_anon.csv","571323",1,4,0,10,15,8,8.5,5,3.75
"3_A_Mar23_anon.csv","789281",8,5,7.25,10,15,15,15,5,5
"3_A_Mar23_anon.csv","297437",5,2.25,0,7,15,10.5,0,5,3.25
"3_A_Mar23_anon.csv","941242",4,4.75,6.75,10,15,14.5,15,5,2.5
"3_A_Mar23_anon.csv","693286",3,4.75,6,10,15,15,15,5,5
"3_A_Mar23_anon.csv","494166",6,2,0,10,15,15,15,5,2.5
"3_A_Mar23_anon.csv","769753",4,4.75,6.75,10,15,10.5,7.5,5,2.5
"3_A_Mar23_anon.csv","496293",7,5,4.25,10,15,15,15,5,2.5
"3_A_Mar23_anon.csv","464491",0,2.75,0,10,11,0,7.5,2.5,1.25
"3_A_Mar23_anon.csv","134149",1,3,7.75,8,15,9.5,7.5,5,1.25
"3_B_Mar23_anon.csv","130380",3,4,6.75,2.25,9,4,15,5,2.5
"3_B_Mar23_anon.csv","938861",8,4.75,7.75,9.75,15,15,5.5,5,3.25
"3_B_Mar23_anon.csv","863924",5,4.75,6.25,9.75,14,15,15,5,3.25
"3_B_Mar23_anon.csv","135727",8,4.75,6,6,5.5,15,15,5,2.5
"3_B_Mar23_anon.csv","564146",0,2,5.75,7.75,15,15,14.5,2.5,3.25
"3_B_Mar23_anon.csv","841731",3,3.5,10,9.75,15,12.5,15,5,3.25
"3_B_Mar23_anon.csv","822014",6,5,6.5,10,15,15,15,5,3.25
"3_B_Mar23_anon.csv","273032",0,5,0,10,11,15,0,5,2.5
"3_B_Mar23_anon.csv","887391",3,4.25,1,7.75,15,15,15,5,3.25
"3_B_Mar23_anon.csv","485565",1,5,7.5,7.75,15,4,15,5,3.25
"3_B_Mar23_anon.csv","223333",2,5,3,8.25,15,4,5.5,5,3.25
"3_B_Mar23_anon.csv","930504",0,4.75,4.75,10,15,15,13.5,5,0
"3_B_Mar23_anon.csv","190892",0,5,1.5,10,11.5,15,5,5,2.5
"3_B_Mar23_anon.csv","970240",2,4.75,1.25,10,13.5,15,15,5,3.25
"3_B_Mar23_anon.csv","270982",11,4.75,5,10,15,15,6.5,5,1.25
"3_B_Mar23_anon.csv","839513",1,5,5.5,10,12.5,12.5,15,5,3.75
"3_B_Mar23_anon.csv","700441",5,5,2.75,10,0,13.5,5.5,5,2.5
"3_B_Mar23_anon.csv","259122",0,5,5,6,15,15,15,5,2.5
"3_B_Mar23_anon.csv","861674",9,4.5,3.5,7.75,13.5,15,15,5,3.25
"3_B_Mar23_anon.csv","783300",4,4.5,4.75,10,15,15,15,5,5
"3_B_Mar23_anon.csv","796250",1,5,8.5,8,15,6,15,5,3.25
"3_B_Mar23_anon.csv","555054",0,4.75,5.75,9.75,15,6,15,5,3.25
"3_B_Mar23_anon.csv","338073",0,4,2.5,8,12.5,13.5,5.5,5,2.5
"3_B_Mar23_anon.csv","499213",1,4.5,2.5,1.5,6.5,6,5,5,3.25
"3_B_Mar23_anon.csv","377090",5,4.75,9,10,15,15,15,5,5
"3_B_Mar23_anon.csv","120124",6,4.25,4.5,10,15,15,15,5,5
"3_B_Mar23_anon.csv","166548",5,4.75,3.5,10,12.5,15,5,5,3.25
"3_B_Mar23_anon.csv","199772",0,3,1.5,9.75,13.5,12.5,15,5,5
"3_B_Mar23_anon.csv","394484",1,3.25,5.75,10,12.5,0,5,5,2.5
"3_B_Mar23_anon.csv","522922",6,5,1,9.75,15,4,6,5,2.5
"3_B_Mar23_anon.csv","242493",7,4.75,10,7.75,15,4,15,5,5
"3_B_Mar23_anon.csv","877116",0,3.5,6,9.75,12.5,15,15,5,0
"3_B_Mar23_anon.csv","115362",4,5,2.5,10,12,15,15,5,2.5
"3_B_Mar23_anon.csv","815620",1,4.75,8,10,12.5,12.5,6,2.5,2.5
"3_B_Mar23_anon.csv","450272",1,4.75,8.5,10,15,15,15,5,1.25
"3_B_Mar23_anon.csv","267132",0,4.5,7,10,15,15,15,4,2.5
"3_B_Mar23_anon.csv","216877",0,4.5,2.5,10,15,15,15,5,3.75
"3_B_Mar23_anon.csv","850435",2,4.75,2.5,7.75,15,15,13.5,5,5
"3_B_Mar23_anon.csv","562399",2,3.25,0,9.875,0,0,6,5,2.5
"3_B_Mar23_anon.csv","556020",3,4.75,4.5,10,13.5,15,11,5,3.25
"3_B_Mar23_anon.csv","337398",1,4.5,5.5,9.625,15,15,15,5,5
"3_B_Mar23_anon.csv","502302",4,5,9.5,7,15,15,5.5,5,3.25
"3_B_Mar23_anon.csv","783735",13,4.25,8.5,9,15,7,15,5,5
"3_B_Mar23_anon.csv","331406",1,1.75,9,10,13.5,15,15,5,5
"3_B_Mar23_anon.csv","205809",1,5,8.25,9.75,15,15,15,5,1.25
"3_B_Mar23_anon.csv","844340",0,4.25,5,1,12,6,11,2.5,0
"3_B_Mar23_anon.csv","768234",3,4.75,1.5,10,11,15,15,5,3.25
"3_B_Mar23_anon.csv","147145",0,2.75,0,10,15,4,5.5,5,2.5
"3_B_Mar23_anon.csv","862239",3,5,2.5,6,15,15,0,5,2.5
"3_B_Mar23_anon.csv","116312",2,4.25,0.5,10,12.5,6,5.5,5,2.5
"3_B_Mar23_anon.csv","947959",6,2.25,2.5,10,11,4,15,5,3.25
"3_B_Mar23_anon.csv","495024",3,3,3,9.75,15,6,6,5,3.25
"3_B_Mar23_anon.csv","700670",7,3.25,6.5,10,12.5,6,11,5,2.5
"3_B_Mar23_anon.csv","298429",10,5,4.75,7.75,15,15,15,5,5
"3_B_Mar23_anon.csv","149203",4,4,4,8,11.5,15,15,4,2.5
"3_B_Mar23_anon.csv","362052",0,4.75,6.25,6,10.5,15,5,5,2.5
"3_B_Mar23_anon.csv","877146",1,3.75,0,6,0,15,11,5,3.25
"3_B_Mar23_anon.csv","324553",5,5,7,10,15,15,15,5,5
"3_B_Mar23_anon.csv","348715",2,5,7,10,15,15,15,5,3.25
"3_B_Mar23_anon.csv","678041",5,3.75,7.5,10,15,15,15,4,5
"3_B_Mar23_anon.csv","520659",6,4.5,5.5,10,15,15,6,5,2.5
"3_B_Mar23_anon.csv","805441",5,4.75,3,10,15,15,5,5,2.5
"3_B_Mar23_anon.csv","794376",1,4.5,0,9.75,12,12.5,15,5,2.5
"3_B_Mar23_anon.csv","756469",1,4.25,6.25,9.75,13.5,15,14.5,5,1.25
"3_B_Mar23_anon.csv","458187",1,3.25,3.25,10,11.5,5.5,11,5,2.5
"3_B_Mar23_anon.csv","364560",1,3.5,8,10,15,15,6,5,5
"3_B_Mar23_anon.csv","607045",6,4.25,7.5,7.75,15,0,15,5,5
"3_B_Mar23_anon.csv","566878",0,2.75,3.75,10,11,12.5,0,5,3.25
"3_B_Mar23_anon.csv","687940",0,3.5,0,10,10.5,6,15,5,2.5
"3_B_Mar23_anon.csv","624947",0,3.5,7,10,13,15,15,5,3.25
"3_B_Mar23_anon.csv","780541",7,4.25,1.5,10,15,15,15,5,2.5
"3_B_Mar23_anon.csv","919266",9,3.25,2.25,10,13.5,0,5.5,5,3.25
"3_B_Mar23_anon.csv","557781",6,4.75,5.5,10,14,15,15,5,3.75
"3_B_Mar23_anon.csv","720723",1,5,0,10,15,15,15,5,2.5
"3_B_Mar23_anon.csv","965522",1,3.25,0,10,11,2.5,0,5,2.5
"3_B_Mar23_anon.csv","574860",4,5,9,10,15,15,15,2.5,3.25
"3_B_Mar23_anon.csv","695840",0,2,0,6,15,15,14.5,5,2.5
"3_B_Mar23_anon.csv","209254",0,3.5,7.5,10,13.5,6,5,5,2.5
"3_B_Mar23_anon.csv","600034",0,4.25,0,10,15,6,10,5,5
"3_B_Mar23_anon.csv","787036",1,2.5,0,3,10,4,5.5,5,2.5
"3_B_Mar23_anon.csv","582644",1,5,0.25,10,15,15,15,5,3.25
"3_B_Mar23_anon.csv","863048",0,3,2.25,10,12.5,13.5,15,5,5
"3_B_Mar23_anon.csv","535753",6,2.75,3.5,10,12.5,13.5,5.5,5,3.25
"3_B_Mar23_anon.csv","553565",2,2.25,0,10,13.5,15,15,5,2.5
"3_B_Mar23_anon.csv","331418",3,3.5,1.75,10,12.5,15,15,5,5
"3_B_Mar23_anon.csv","186775",3,2.75,0.75,10,2,2.5,0,5,1.25
"3_B_Mar23_anon.csv","107302",0,3.5,0,10,15,13.5,5.5,2.5,1.25
"3_B_Mar23_anon.csv","676026",2,2.5,6.5,6,15,15,11,5,2.5
"3_B_Mar23_anon.csv","100124",0,2.75,3.25,8,0,13.5,5.5,5,3.25
"3_B_Mar23_anon.csv","708858",8,3.25,1.25,10,0,0,5.5,5,3.25
"3_B_Mar23_anon.csv","313801",6,2,0,10,12.5,6,11,5,2.5
"3_B_Mar23_anon.csv","357577",1,1.75,0,8,8.5,0,5.5,5,3.25
"3_B_Mar23_anon.csv","843368",5,4.5,7.5,10,15,4,10,5,2.5
"3_B_Mar23_anon.csv","139950",1,3,0,10,15,15,5.5,5,3.75
"3_B_Mar23_anon.csv","509369",1,4,0,10,12.5,15,15,5,3.75
"3_B_Mar23_anon.csv","289163",6,2.75,9,8.5,13,8,15,5,0
"3_B_Mar23_anon.csv","976464",0,3.75,3,10,15,13.5,15,5,2.5
"3_B_Mar23_anon.csv","935965",0,4.5,0,8,15,15,11,5,2.5
"3_B_Mar23_anon.csv","411906",3,4,10,10,15,15,15,5,5
"3_B_Mar23_anon.csv","819135",3,3.75,0,10,15,15,15,5,2.5
"3_B_Mar23_anon.csv","766313",3,4.75,0,10,15,15,5,5,3.25
"3_B_Mar23_anon.csv","548019",1,3.5,0,10,15,15,15,5,1.25
"3_B_Mar23_anon.csv","578485",5,4,6.25,10,15,15,15,5,5
"3_B_Mar23_anon.csv","447538",4,4.25,5.75,10,15,15,15,5,3.25
"3_B_Mar23_anon.csv","354907",7,4,6,10,15,15,15,5,5
"3_C_Mar23_anon.csv","471494",3,4,7.5,10,13.5,6.5,15,5,5
"3_C_Mar23_anon.csv","644205",6,4,0,10,15,5.5,2.5,5,3.75
"3_C_Mar23_anon.csv","116004",5,4.5,10,10,15,15,15,5,5
"3_C_Mar23_anon.csv","687844",4,4,7.5,10,15,15,3,5,5
"3_C_Mar23_anon.csv","505593",3,3.75,7,10,9.5,12,6,5,3.75
"3_C_Mar23_anon.csv","946353",6,5,4.25,8,8.5,15,8.5,5,3.75
"3_C_Mar23_anon.csv","156364",1,3.5,7,10,6,9,7,5,2.5
"3_C_Mar23_anon.csv","274235",0,3.5,0,9,13,15,2.5,5,2.5
"3_C_Mar23_anon.csv","967176",3,3,10,10,15,7.5,0,5,5
"3_C_Mar23_anon.csv","298091",1,4.5,3,8,15,8,2.5,5,2.5
"3_C_Mar23_anon.csv","288842",4,4.25,4.25,10,15,15,11,5,5
"3_C_Mar23_anon.csv","652942",6,4.5,0,10,15,15,8.5,5,3.75
"3_C_Mar23_anon.csv","479550",5,3.5,6.75,5,9.5,15,12,5,0
"3_C_Mar23_anon.csv","840463",19,4.5,0,9,13,15,6.5,5,2.5
"3_C_Mar23_anon.csv","843535",2,5,0,8,7.5,13,9.5,5,2.5
"3_C_Mar23_anon.csv","214276",7,0,0,7.25,13,15,0,2.5,0
"3_C_Mar23_anon.csv","423080",1,4,0,7.5,15,15,3,5,2.5
"3_C_Mar23_anon.csv","482126",7,0.25,0,8,15,15,15,5,2.5
"3_C_Mar23_anon.csv","127794",0,5,5,5.25,15,15,4,0,2.5
"3_C_Mar23_anon.csv","643893",5,4,2.25,10,15,11.5,12,5,2.5
"3_C_Mar23_anon.csv","257545",3,4.5,8,10,15,15,12,5,3.75
"3_C_Mar23_anon.csv","352138",2,0.25,0,10,15,15,12,2.5,2.5
"3_C_Mar23_anon.csv","190818",1,5,10,10,15,15,12,5,2.5
"3_C_Mar23_anon.csv","177840",1,1.5,4.25,9,15,15,6.5,5,2.5
"3_C_Mar23_anon.csv","646241",4,3.75,0,10,15,15,15,5,3.75
"3_C_Mar23_anon.csv","453529",3,3.75,3.75,10,15,15,15,5,4.5
"3_C_Mar23_anon.csv","268619",0,2.5,0,10,12,13,12,5,2.5
"3_C_Mar23_anon.csv","175573",0,5,0,10,15,15,6,5,2.5
"3_C_Mar23_anon.csv","590181",2,1.5,0,8,7.5,12.5,2.5,5,2.5
"3_C_Mar23_anon.csv","920816",0,3,2,10,15,10.5,5.5,5,2.5
"3_C_Mar23_anon.csv","796147",8,3.75,0,10,15,15,3,5,3.75
"3_C_Mar23_anon.csv","282874",3,3,8,10,15,15,15,5,2.5
"3_C_Mar23_anon.csv","238823",2,0.75,6.25,10,15,15,5.5,5,5
"3_C_Mar23_anon.csv","736790",0,4,9.5,10,15,15,4.5,5,3.75
"3_C_Mar23_anon.csv","128016",1,0.75,1.5,10,15,15,10.5,2.5,2.5
"3_C_Mar23_anon.csv","143458",3,3.75,7.5,10,14,15,10,5,2.5
"3_C_Mar23_anon.csv","886232",1,3.75,0,10,15,7.5,5.5,5,2.5
"3_C_Mar23_anon.csv","448698",0,1.5,0,10,15,15,10.5,5,2.5
"3_C_Mar23_anon.csv","208750",0,4,0,10,15,15,12,5,2.5
"3_C_Mar23_anon.csv","970613",0,3.5,6.5,10,15,15,7,5,5
"3_C_Mar23_anon.csv","352012",5,3.25,0,10,15,15,7,5,3.75
"3_C_Mar23_anon.csv","243610",12,3.75,6,10,15,15,9,5,5
"3_C_Mar23_anon.csv","917655",5,5,8.5,10,15,15,10.5,5,2.5
"3_C_Mar23_anon.csv","307053",0,4,0,9,15,8,5.5,5,2.5
"3_C_Mar23_anon.csv","634523",0,3.5,0.5,10,14,13,6,2.5,3.75
"3_C_Mar23_anon.csv","866180",3,3,0,10,8,10,9,5,2.5
"3_C_Mar23_anon.csv","550977",2,0,0,10,8.5,9,9,5,2.5
"3_C_Mar23_anon.csv","184622",2,5,3.5,10,15,15,10.5,5,4.5
"3_C_Mar23_anon.csv","124193",2,4,7.5,10,15,15,9,5,5
"3_C_Mar23_anon.csv","478268",2,1.5,8.5,10,15,15,9,5,3.75
"3_C_Mar23_anon.csv","294860",5,5,8.5,10,15,15,9,5,3.75
"3_C_Mar23_anon.csv","846172",1,4,0,10,14,7.5,8.5,5,0
"3_C_Mar23_anon.csv","603399",0,3.75,0,2,5.5,8.5,7.5,2.5,2.5
"3_C_Mar23_anon.csv","676277",5,5,8.5,10,15,15,7,5,2.5
"3_C_Mar23_anon.csv","392325",1,3.5,9,9,15,15,12,5,2.5
"3_C_Mar23_anon.csv","207486",1,4.25,7.5,10,15,15,12,5,4.5
"3_C_Mar23_anon.csv","980134",4,4.25,10,10,15,11.5,7.5,5,2.5
"3_C_Mar23_anon.csv","193776",1,4.5,10,10,15,15,10.5,5,2.5
"3_C_Mar23_anon.csv","530411",2,4.25,9,10,15,15,15,5,5
"3_C_Mar23_anon.csv","215621",2,4.75,0,8,14,6.5,12,5,2.5
"3_C_Mar23_anon.csv","254596",1,3.75,2.75,4,10.5,11,7,5,2.5
"3_C_Mar23_anon.csv","357173",3,1,3.5,10,15,15,15,5,3.75
"3_C_Mar23_anon.csv","670267",0,4.5,0,10,15,15,12,5,3.75
"3_C_Mar23_anon.csv","335736",9,2.25,0,2,15,15,10.5,5,3.75
"3_C_Mar23_anon.csv","664851",3,3.5,4.5,10,14,15,10.5,5,2.5
"3_C_Mar23_anon.csv","398075",4,3,0,10,14,7.5,2.5,5,2.5
"3_C_Mar23_anon.csv","378876",5,5,3.25,2,14,15,10,5,3.75
"3_C_Mar23_anon.csv","806039",7,4.5,2,8,15,15,12,5,5
"3_C_Mar23_anon.csv","202048",0,3.75,9,10,11,15,10,5,5
"3_C_Mar23_anon.csv","451623",3,4.5,9,10,15,15,11,5,5
"3_C_Mar23_anon.csv","488889",2,1.5,4.25,8,9,15,10.5,5,3.75
"3_C_Mar23_anon.csv","570810",4,4,0,8,7.5,15,15,5,3.75
"3_C_Mar23_anon.csv","849990",2,3.75,8,10,15,15,12,5,2.5
"3_C_Mar23_anon.csv","936273",1,4,1,10,11.5,15,15,5,2.5
"3_C_Mar23_anon.csv","690059",3,1.75,0,10,15,15,10.5,5,2.5
"3_C_Mar23_anon.csv","585527",6,4,8,10,15,15,12,5,3.75
"3_C_Mar23_anon.csv","416172",1,2.5,9.5,10,15,15,11,5,2.5
"3_C_Mar23_anon.csv","646067",9,2,1,10,15,15,11,5,0
"3_C_Mar23_anon.csv","323214",2,4,2.25,10,15,15,15,5,5
"3_C_Mar23_anon.csv","880562",5,5,9,10,15,15,12,5,2.5
"3_C_Mar23_anon.csv","176796",7,4.5,0,10,11.5,15,12,5,5
"3_C_Mar23_anon.csv","877109",2,4.5,2,10,15,15,15,5,3.75
"3_C_Mar23_anon.csv","862880",1,0.25,1.5,10,11.5,10.5,12,0,5
"3_C_Mar23_anon.csv","311227",0,4,0,10,15,15,2.5,5,5
"3_C_Mar23_anon.csv","669717",4,3.75,4.75,10,15,15,10.5,5,5
"3_C_Mar23_anon.csv","657848",3,3,5.75,10,15,15,9,5,5
"3_C_Mar23_anon.csv","864689",0,4.25,3,10,15,15,15,5,2.5
"3_C_Mar23_anon.csv","543411",6,4.5,0,10,15,15,15,5,3.75
"3_C_Mar23_anon.csv","907718",7,4,3.25,10,15,15,15,5,5
"3_C_Mar23_anon.csv","335731",0,3,0,10,15,7.5,12,5,1
"3_C_Mar23_anon.csv","868406",0,3.25,0,10,15,15,7,5,5
"3_C_Mar23_anon.csv","914016",0,1.5,0,10,13,14,10.5,5,3.75
"3_C_Mar23_anon.csv","348376",0,4.25,6.25,10,10.5,15,7,3.5,2.5
"3_C_Mar23_anon.csv","353441",4,3.5,5.5,9,15,15,12,5,3.75
"3_C_Mar23_anon.csv","376854",5,4.5,0,10,15,15,15,5,5
"3_C_Mar23_anon.csv","429085",2,1,0,8,15,15,12,5,3.75
"3_C_Mar23_anon.csv","172263",7,3,9,10,15,15,12,5,3.75
"3_C_Mar23_anon.csv","158198",0,4.5,0,10,15,7.5,10,5,3.75
"3_C_Mar23_anon.csv","327020",4,4,5,8,15,15,15,5,5
"3_C_Mar23_anon.csv","660431",3,0,0,10,15,7.5,9,5,5
"3_D_Mar23_anon.csv","993306",2,2,3,9,12,13,7.5,5,4
"3_D_Mar23_anon.csv","958843",3,1.25,0.75,10,15,6.5,12,0,4
"3_D_Mar23_anon.csv","402997",4,5,9.5,9,15,15,12,5,4.5
"3_D_Mar23_anon.csv","684227",4,3,2.75,9,13,15,15,5,4.5
"3_D_Mar23_anon.csv","883903",11,3.5,0,10,15,15,15,5,4.5
"3_D_Mar23_anon.csv","693045",1,0.75,0,10,15,11,9.5,5,4.5
"3_D_Mar23_anon.csv","151246",2,2.5,0.5,8,15,15,12,5,4
"3_D_Mar23_anon.csv","761526",0,2.5,0.25,10,15,15,12,5,4
"3_D_Mar23_anon.csv","832756",0,3.75,0.75,9,9,13,12,5,4
"3_D_Mar23_anon.csv","893307",4,4.5,10,10,15,15,15,5,4.5
"3_D_Mar23_anon.csv","109338",2,4.25,1.25,10,15,15,15,5,4.5
"3_D_Mar23_anon.csv","187671",2,3.75,5.5,10,15,11,9,5,4.5
"3_D_Mar23_anon.csv","316657",8,4,1,9,15,15,15,5,4.5
"3_D_Mar23_anon.csv","124704",2,3.5,1.5,9,15,15,15,5,4
"3_D_Mar23_anon.csv","282568",1,4.5,10,10,15,15,15,5,4.5
"3_D_Mar23_anon.csv","351711",6,3,4.75,10,14,14.5,15,5,4.5
"3_D_Mar23_anon.csv","165680",7,4.5,4.25,9,15,11,15,5,4
"3_D_Mar23_anon.csv","426634",2,3.25,6.5,10,15,15,15,5,4
"3_D_Mar23_anon.csv","517181",2,5,5.25,10,15,15,15,5,4.5
"3_D_Mar23_anon.csv","749976",0,5,10,9,15,15,15,5,4.5
"3_D_Mar23_anon.csv","840605",2,0,3.75,10,13.5,15,12,0,4
"3_D_Mar23_anon.csv","980472",8,5,1.75,10,15,15,12,4,4.5
"3_D_Mar23_anon.csv","741913",1,0,3,9,15,9.5,10,0,2
"3_D_Mar23_anon.csv","224768",4,0,1.5,7,8.5,6.5,10,5,4
"3_D_Mar23_anon.csv","873291",2,5,1.25,10,13.5,15,15,5,4.5
"3_D_Mar23_anon.csv","676794",0,3,2,0,13.5,15,12,0,4.5
"3_D_Mar23_anon.csv","806967",1,4,6.25,10,15,15,15,5,4.5
"3_D_Mar23_anon.csv","882657",2,4.5,0,4,15,15,12,5,4
"3_D_Mar23_anon.csv","857405",0,0,0.5,8,13,9,9,5,4
"3_D_Mar23_anon.csv","925742",1,5,0,9,15,11,12,5,4
"3_D_Mar23_anon.csv","743784",10,3.5,9,10,15,15,15,5,4.5
"3_D_Mar23_anon.csv","361425",5,4,6.5,10,12,13,15,5,4.5
"3_D_Mar23_anon.csv","946128",1,3.5,1,10,14.5,15,9,5,4
"3_D_Mar23_anon.csv","613766",11,1,6.5,10,15,15,15,5,5
"3_D_Mar23_anon.csv","504530",0,4.5,10,9,1,11.5,12,5,4
"3_D_Mar23_anon.csv","928498",1,0,4.5,10,15,15,15,5,4
"3_D_Mar23_anon.csv","690036",3,4.5,9,10,15,15,12.5,5,4
"3_D_Mar23_anon.csv","785732",0,2.5,3.5,9,14,15,15,5,4
"3_D_Mar23_anon.csv","802566",1,2,2,9,13,1,12,5,4
"3_D_Mar23_anon.csv","652357",0,4.5,0,8,11,7.5,15,5,4
"3_D_Mar23_anon.csv","912689",0,3,0,9,7.5,0,9,5,4.5
"3_D_Mar23_anon.csv","356382",6,5,8,10,14,10.5,15,5,4
"3_D_Mar23_anon.csv","999023",2,3,0,9,15,15,12,5,4
"3_D_Mar23_anon.csv","929062",2,2,9.5,10,15,15,12,5,4
"3_D_Mar23_anon.csv","237582",1,0.5,0,9,9,9,12,5,4
"3_D_Mar23_anon.csv","751500",5,2.25,6,10,15,13,9,5,4.5
"3_D_Mar23_anon.csv","714184",1,4,0,10,15,15,12,5,4.5
"3_D_Mar23_anon.csv","671655",1,2,0,10,15,15,12,5,4.5
"3_D_Mar23_anon.csv","721359",2,4,2.5,10,14,13,10,5,4.5
"3_D_Mar23_anon.csv","560484",5,4,1.5,10,15,5,15,5,4
"3_D_Mar23_anon.csv","627572",7,5,10,9,15,11,8.5,5,4.5
"3_D_Mar23_anon.csv","497496",3,2.25,0,8.5,15,12.5,9,5,4
"3_D_Mar23_anon.csv","841390",4,3.5,0,10,15,15,12,5,4.5
"3_D_Mar23_anon.csv","449769",2,4.5,0,9,15,15,15,5,4
"3_D_Mar23_anon.csv","570017",5,1.25,8,10,15,15,15,5,4.5
"3_D_Mar23_anon.csv","868090",0,1.25,5.75,10,7.5,0,15,5,4
"3_D_Mar23_anon.csv","205295",2,2.5,0,9.5,15,15,15,5,4.5
"3_D_Mar23_anon.csv","218653",1,3.75,10,10,13,13,15,5,4.5
"3_D_Mar23_anon.csv","889441",0,0,0,9.5,11,13,15,0,4
"3_D_Mar23_anon.csv","758184",4,3.75,8,10,15,15,12,5,4.5
"3_D_Mar23_anon.csv","802878",4,4,0,10,15,1.5,15,5,4.5
"3_D_Mar23_anon.csv","980127",4,3.5,10,8,15,15,13.5,5,5
"3_D_Mar23_anon.csv","469937",1,4.25,8,10,15,15,12,5,4.5
"3_D_Mar23_anon.csv","920586",1,2.25,0,10,3,9,12,5,4
"3_D_Mar23_anon.csv","575085",4,3.25,1.75,5,6,15,12,0,4
"3_D_Mar23_anon.csv","882737",4,1.75,0,8,0,0,2.5,5,4
"3_D_Mar23_anon.csv","518197",4,4.5,10,10,15,15,15,5,4
"3_D_Mar23_anon.csv","808560",3,4.5,2.25,10,11,15,10,5,4.5
"3_D_Mar23_anon.csv","191876",7,5,2.25,8,15,15,15,5,4.5
"3_D_Mar23_anon.csv","907662",0,1.25,6,4,11,11,3,0,4.5
"3_D_Mar23_anon.csv","891202",4,4.5,3.75,10,15,14.5,15,5,4
"3_D_Mar23_anon.csv","972609",5,1.5,0,4,11,15,3,5,4
"3_D_Mar23_anon.csv","635780",4,0.5,1,10,5,12.5,12,0,4
"3_D_Mar23_anon.csv","587423",2,4,10,10,9,13.5,15,5,4
"3_D_Mar23_anon.csv","909875",2,0.5,0,10,15,11,10.5,5,4
"3_D_Mar23_anon.csv","867083",0,0.5,0,6,1,0,9,5,4
"3_D_Mar23_anon.csv","776985",3,1.25,0.25,10,15,15,9,5,4
"3_D_Mar23_anon.csv","126548",0,3.5,8,10,15,11,5.5,5,4
"3_D_Mar23_anon.csv","507880",7,0.75,0,6,15,15,12,5,4.5
"3_D_Mar23_anon.csv","167773",1,4.25,5.25,10,15,15,12,5,4.5
"3_D_Mar23_anon.csv","514088",1,2.5,6.75,7.5,10,11,9,5,4.5
"3_D_Mar23_anon.csv","739544",2,4.25,9,10,15,15,13.5,5,5
"3_D_Mar23_anon.csv","431825",10,4,0,10,15,15,3,5,4.5
"3_D_Mar23_anon.csv","370378",12,3.25,7,10,15,13.5,6,5,4
"3_D_Mar23_anon.csv","704993",0,2.75,0,10,15,15,9,5,4
"3_D_Mar23_anon.csv","467652",1,2.25,2.75,10,13,15,15,5,4.5
"3_D_Mar23_anon.csv","623912",2,3.75,7.5,10,6.5,15,12,5,0
"3_D_Mar23_anon.csv","562658",4,4.5,1,10,11,15,12,5,4
"3_D_Mar23_anon.csv","781433",5,0,0,10,11,10.5,12,5,4
"3_D_Mar23_anon.csv","298840",1,0,0,0,10,11,3,5,4
"3_D_Mar23_anon.csv","760890",1,0,0,8,0,10.5,9,2.5,4
"3_D_Mar23_anon.csv","323859",8,2.5,10,10,15,15,15,5,4.5
"3_D_Mar23_anon.csv","187418",0,2.75,0,10,15,15,9,0,4.5
"3_D_Mar23_anon.csv","987447",2,5,5.25,10,15,15,15,5,4
"3_D_Mar23_anon.csv","863598",12,3.25,7.75,10,15,15,15,5,3.75
"3_D_Mar23_anon.csv","341372",5,3,0,10,7.5,10.5,15,5,3.25
"3_D_Mar23_anon.csv","840840",2,2,7.25,10,15,11,12,5,4
"3_D_Mar23_anon.csv","939066",5,0.5,0,10,13,10.5,15,5,4.5
"3_D_Mar23_anon.csv","487505",0,3.25,1,8,11,9,6,5,4
"3_D_Mar23_anon.csv","955242",4,3.25,6.25,10,15,15,15,5,4.5
"3_D_Mar23_anon.csv","282845",5,4.5,1,10,15,14,12,5,4.5
"3_D_Mar23_anon.csv","601701",2,4.25,4,10,15,15,12,5,5
"3_D_Mar23_anon.csv","710489",0,1.5,0,10,15,11,12,5,4.5
"3_D_Mar23_anon.csv","422809",4,5,5,10,11,11,9,5,4.5
"3_D_Mar23_anon.csv","354057",0,4,10,10,15,15,12,5,4
"3_D_Mar23_anon.csv","776965",2,5,1.25,10,15,15,15,5,4
"3_D_Mar23_anon.csv","919451",11,3.5,0,10,13,3,12,5,4
"3_D_Mar23_anon.csv","978499",6,1.5,0,10,11,10.5,12,5,4
"3_D_Mar23_anon.csv","132340",2,3.25,0,10,7.5,7,15,5,4
"3_D_Mar23_anon.csv","533181",3,3.5,0,10,5.5,0,12,2.5,4.5
"3_D_Mar23_anon.csv","951938",0,3,2.25,10,15,15,12,5,4
"3_D_Mar23_anon.csv","465537",0,4.5,10,10,15,15,12,5,4
"3_D_Mar23_anon.csv","789124",3,5,9.5,10,13,15,15,5,4
"3_D_Mar23_anon.csv","221844",1,4.5,0,10,14,15,9,5,4
"3_D_Mar23_anon.csv","700506",2,0,8,10,15,15,12,5,4
"3_D_Mar23_anon.csv","852104",10,4,8.5,10,15,15,12,5,4
"3_D_Mar23_anon.csv","936964",4,0.25,4.75,10,15,15,15,5,4
"3_D_Mar23_anon.csv","370790",6,2,7.75,10,12.5,15,15,5,5
"3_D_Mar23_anon.csv","122746",3,2.5,0,10,12.5,15,6,5,5
"3_D_Mar23_anon.csv","618706",6,3.25,0,10,15,15,15,5,4.5
"3_D_Mar23_anon.csv","117848",2,4.5,0,9,15,15,15,5,4.5
